Channel Mode,Channel Name,RX Frequency(MHz),TX Frequency(MHz),Band Width,Scan List,Squelch,RX Ref Frequency,TX Ref Frequency,TOT[s],TOT Rekey Delay[s],Power,Admit Criteria,Auto Scan,Rx Only,Lone Worker,VOX,Allow Talkaround,Send GPS Info,Receive GPS Info,Private Call Confirmed,Emergency Alarm Ack,Data Call Confirmed,Allow Interrupt,DCDM Switch,Leader/MS,Emergency System,Contact Name,Group List,Color Code,Repeater Slot,In Call Criteria,Privacy,Privacy No.,GPS System,CTCSS/DCS Dec,CTCSS/DCS Enc,Rx Signaling System,Tx Signaling System,QT Reverse,Non-QT/DQT Turn-off Freq,Display PTT ID,Reverse Burst/Turn-off Code,Decode 1,Decode 2,Decode 3,Decode 4,Decode 5,Decode 6,Decode 7,Decode 8
2,A.Cactus,442.5,447.5,0,1,1,1,1,20,0,0,0,0,0,0,0,0,0,0,0,0,0,0,0,1,0,89,3,1,1,0,0,0,0,None,None,0,0,3,2,1,0,0,0,0,0,0,0,0,0
2,A.DCI Bridge,440.6375,445.6375,0,1,1,1,1,20,0,0,0,0,0,0,0,0,0,0,0,0,0,0,0,1,0,25,4,1,1,0,0,0,0,None,None,0,0,3,2,1,0,0,0,0,0,0,0,0,0
2,A.Metro,440.6375,445.6375,0,1,1,1,1,20,0,0,0,0,0,0,0,0,0,0,0,0,0,0,0,1,0,3,1,1,0,0,0,0,0,None,None,0,0,3,2,1,0,0,0,0,0,0,0,0,0
2,A.Mid Atlantic,440.6375,445.6375,0,1,1,1,1,20,0,0,0,0,0,0,0,0,0,0,0,0,0,0,0,1,0,83,3,1,1,0,0,0,0,None,None,0,0,3,2,1,0,0,0,0,0,0,0,0,0
2,A.NA,442.5,447.5,0,1,1,1,1,20,0,0,0,0,0,0,0,0,0,0,0,0,0,0,0,1,0,4,4,1,0,0,0,0,0,None,None,0,0,3,2,1,0,0,0,0,0,0,0,0,0
2,A.S.Plains,442.5,447.5,0,1,1,1,1,20,0,0,0,0,0,0,0,0,0,0,0,0,0,0,0,1,0,85,3,1,1,0,0,0,0,None,None,0,0,3,2,1,0,0,0,0,0,0,0,0,0
2,A.SE Region,440.6375,445.6375,0,1,1,1,1,20,0,0,0,0,0,0,0,0,0,0,0,0,0,0,0,1,0,84,3,1,1,0,0,0,0,None,None,0,0,3,2,1,0,0,0,0,0,0,0,0,0
2,A.TAC310,442.5,447.5,0,1,1,1,1,20,0,0,0,0,0,0,0,0,0,0,0,0,0,0,0,1,0,13,5,1,1,0,0,0,0,None,None,0,0,3,2,1,0,0,0,0,0,0,0,0,0
2,A.TAC311,440.6375,445.6375,0,1,1,1,1,20,0,0,0,0,0,0,0,0,0,0,0,0,0,0,0,1,0,14,5,1,1,0,0,0,0,None,None,0,0,3,2,1,0,0,0,0,0,0,0,0,0
2,A.TX Statewide,440.6375,445.6375,0,1,1,1,1,20,0,0,0,0,0,0,0,0,0,0,0,0,0,0,0,1,0,69,6,1,1,0,0,0,0,None,None,0,0,3,2,1,0,0,0,0,0,0,0,0,0
2,A.WW,442.5,447.5,0,1,1,1,1,20,0,0,0,0,0,0,0,0,0,0,0,0,0,0,0,1,0,2,5,1,0,0,0,0,0,None,None,0,0,3,2,1,0,0,0,0,0,0,0,0,0
2,A.WWe,440.6375,445.6375,0,1,1,1,1,20,0,0,0,0,0,0,0,0,0,0,0,0,0,0,0,1,0,7,5,1,0,0,0,0,0,None,None,0,0,3,2,1,0,0,0,0,0,0,0,0,0
2,B.BM 3148,443.4,448.4,0,2,1,1,1,20,0,0,0,0,0,0,0,0,0,0,0,0,0,0,0,1,0,96,6,1,0,0,0,0,0,None,None,0,0,3,2,1,0,0,0,0,0,0,0,0,0
2,B.Cactus,443.4,448.4,0,2,1,1,1,20,0,0,0,0,0,0,0,0,0,0,0,0,0,0,0,1,0,89,3,1,1,0,0,0,0,None,None,0,0,3,2,1,0,0,0,0,0,0,0,0,0
2,B.Local,443.4,448.4,0,2,1,1,1,20,0,0,0,0,0,0,0,0,0,0,0,0,0,0,0,1,0,5,1,1,0,0,0,0,0,None,None,0,0,3,2,1,0,0,0,0,0,0,0,0,0
2,B.Metro,443.4,448.4,0,2,1,1,1,20,0,0,0,0,0,0,0,0,0,0,0,0,0,0,0,1,0,3,1,1,1,0,0,0,0,None,None,0,0,3,2,1,0,0,0,0,0,0,0,0,0
2,B.NA,443.4,448.4,0,2,1,1,1,20,0,0,0,0,0,0,0,0,0,0,0,0,0,0,0,1,0,4,4,1,0,0,0,0,0,None,None,0,0,3,2,1,0,0,0,0,0,0,0,0,0
2,B.S.Plains,443.4,448.4,0,2,1,1,1,20,0,0,0,0,0,0,0,0,0,0,0,0,0,0,0,1,0,85,3,1,1,0,0,0,0,None,None,0,0,3,2,1,0,0,0,0,0,0,0,0,0
2,B.TX Statewide,443.4,448.4,0,2,1,1,1,20,0,0,0,0,0,0,0,0,0,0,0,0,0,0,0,1,0,69,6,1,0,0,0,0,0,None,None,0,0,3,2,1,0,0,0,0,0,0,0,0,0
2,B.Tarrant County,443.4,448.4,0,2,1,1,1,20,0,0,0,0,0,0,0,0,0,0,0,0,0,0,0,1,0,6,1,1,0,0,0,0,0,None,None,0,0,3,2,1,0,0,0,0,0,0,0,0,0
2,C.AllStar,443.2625,448.2625,0,0,1,1,1,20,0,0,0,0,0,0,0,0,0,0,0,0,0,0,0,1,0,104,4,1,0,0,0,0,0,None,None,2,2,0,0,1,0,0,0,0,0,0,0,0,0
2,C.Audio Test,443.2625,448.2625,0,0,1,1,1,20,0,0,0,0,0,0,0,0,0,0,0,0,0,0,0,1,0,98,1,1,1,0,0,0,0,None,None,2,2,0,0,1,0,0,0,0,0,0,0,0,0
2,C.California,443.2625,448.2625,0,0,1,1,1,20,0,0,0,0,0,0,0,0,0,0,0,0,0,0,0,1,0,30,6,1,0,0,0,0,0,None,None,2,2,0,0,1,0,0,0,0,0,0,0,0,0
2,C.Chicago 1,443.2625,448.2625,0,3,1,1,1,20,0,0,0,0,0,0,0,0,0,0,0,0,0,1,0,0,0,88,1,1,0,0,0,0,0,None,None,0,0,0,0,1,0,0,0,0,0,0,0,0,0
2,C.Chicago 2,443.2625,448.2625,0,3,1,1,1,20,0,0,0,0,0,0,0,0,0,0,0,0,0,0,0,1,0,79,1,1,1,0,0,0,0,None,None,0,0,3,2,1,0,0,0,0,0,0,0,0,0
2,C.DCI Bridge,443.2625,448.2625,0,0,1,1,1,20,0,0,0,0,0,0,0,0,0,0,0,0,0,0,0,1,0,25,4,1,1,0,0,0,0,None,None,2,2,0,0,1,0,0,0,0,0,0,0,0,0
2,C.Echo/IRLP,443.2625,448.2625,0,0,1,1,1,20,0,0,0,0,0,0,0,0,0,0,0,0,0,0,0,1,0,104,4,1,0,0,0,0,0,None,None,2,2,0,0,1,0,0,0,0,0,0,0,0,0
2,C.Illinois,443.2625,448.2625,0,0,1,1,1,20,0,0,0,0,0,0,0,0,0,0,0,0,0,0,0,1,0,39,6,1,0,0,0,0,0,None,None,2,2,0,0,1,0,0,0,0,0,0,0,0,0
2,C.Local,443.2625,448.2625,0,3,1,1,1,20,0,0,0,0,0,0,0,0,0,0,0,0,0,0,0,1,0,5,1,1,0,0,0,0,0,None,None,0,0,3,2,1,0,0,0,0,0,0,0,0,0
2,C.MW Region,443.2625,448.2625,0,0,1,1,1,20,0,0,0,0,0,0,0,0,0,0,0,0,0,0,0,1,0,81,3,1,1,0,0,0,0,None,None,2,2,0,0,1,0,0,0,0,0,0,0,0,0
2,C.Massechusets,443.2625,448.2625,0,0,1,1,1,20,0,0,0,0,0,0,0,0,0,0,0,0,0,0,0,1,0,47,6,1,0,0,0,0,0,None,None,2,2,0,0,1,0,0,0,0,0,0,0,0,0
2,C.Metro,443.2625,448.2625,0,3,1,1,1,20,0,0,0,0,0,0,0,0,0,0,0,0,0,0,0,1,0,3,1,1,0,0,0,0,0,None,None,0,0,3,2,1,0,0,0,0,0,0,0,0,0
2,C.Michigan,443.2625,448.2625,0,0,1,1,1,20,0,0,0,0,0,0,0,0,0,0,0,0,0,0,0,1,0,48,6,1,0,0,0,0,0,None,None,2,2,0,0,1,0,0,0,0,0,0,0,0,0
2,C.Minnesota,443.2625,448.2625,0,0,1,1,1,20,0,0,0,0,0,0,0,0,0,0,0,0,0,0,0,1,0,49,6,1,0,0,0,0,0,None,None,2,2,0,0,1,0,0,0,0,0,0,0,0,0
2,C.Mountain,443.2625,448.2625,0,3,1,1,1,20,0,0,0,0,0,0,0,0,0,0,0,0,0,0,0,1,0,87,3,1,0,0,0,0,0,None,None,0,0,3,2,1,0,0,0,0,0,0,0,0,0
2,C.NA,443.2625,448.2625,0,3,1,1,1,20,0,0,0,0,0,0,0,0,0,0,0,0,0,0,0,1,0,4,4,1,1,0,0,0,0,None,None,0,0,3,2,1,0,0,0,0,0,0,0,0,0
2,C.NE Region,443.2625,448.2625,0,3,1,1,1,20,0,0,0,0,0,0,0,0,0,0,0,0,0,0,0,1,0,82,3,1,0,0,0,0,0,None,None,0,0,3,2,1,0,0,0,0,0,0,0,0,0
2,C.NTexasEmcomm,443.2625,448.2625,0,3,1,1,1,20,0,0,0,0,0,0,0,0,0,0,0,0,0,0,0,1,0,93,8,1,0,0,0,0,0,None,None,0,0,3,2,1,0,0,0,0,0,0,0,0,0
2,C.Ohio,443.2625,448.2625,0,0,1,1,1,20,0,0,0,0,0,0,0,0,0,0,0,0,0,0,0,1,0,61,6,1,0,0,0,0,0,None,None,2,2,0,0,1,0,0,0,0,0,0,0,0,0
2,C.Parrot,443.2625,448.2625,0,0,1,1,1,20,0,0,0,0,0,0,0,0,0,0,0,0,0,0,0,1,0,97,1,1,1,0,0,0,0,None,None,2,2,0,0,1,0,0,0,0,0,0,0,0,0
2,C.S.Plains,443.2625,448.2625,0,3,1,1,1,20,0,0,0,0,0,0,0,0,0,0,0,0,0,0,0,1,0,85,3,1,0,0,0,0,0,None,None,0,0,3,2,1,0,0,0,0,0,0,0,0,0
2,C.SE Region,443.2625,448.2625,0,3,1,1,1,20,0,0,0,0,0,0,0,0,0,0,0,0,0,0,0,1,0,84,3,1,0,0,0,0,0,None,None,0,0,3,2,1,0,0,0,0,0,0,0,0,0
2,C.SW Region,443.2625,448.2625,0,3,1,1,1,20,0,0,0,0,0,0,0,0,0,0,0,0,0,0,0,1,0,86,3,1,0,0,0,0,0,None,None,0,0,3,2,1,0,0,0,0,0,0,0,0,0
2,C.Stroke DMR 1,443.2625,448.2625,0,3,1,1,1,20,0,0,0,0,0,0,0,0,0,0,0,0,0,0,0,1,0,90,1,1,0,0,0,0,0,None,None,0,0,3,2,1,0,0,0,0,0,0,0,0,0
2,C.TAC1,443.2625,448.2625,0,0,1,1,1,20,0,0,0,0,0,0,0,0,0,0,0,0,0,0,0,1,0,95,5,1,1,0,0,0,0,None,None,2,2,0,0,1,0,0,0,0,0,0,0,0,0
2,C.TAC310,443.2625,448.2625,0,3,1,1,1,20,0,0,0,0,0,0,0,0,0,0,0,0,0,0,0,1,0,13,5,1,1,0,0,0,0,None,None,0,0,3,2,1,0,0,0,0,0,0,0,0,0
2,C.TAC311,443.2625,448.2625,0,3,1,1,1,20,0,0,0,0,0,0,0,0,0,0,0,0,0,0,0,1,0,14,5,1,1,0,0,0,0,None,None,0,0,3,2,1,0,0,0,0,0,0,0,0,0
2,C.TRBO6 Comm1,443.2625,448.2625,0,0,1,1,1,20,0,0,0,0,0,0,0,0,0,0,0,0,0,0,0,1,0,107,4,1,0,0,0,0,0,None,None,2,2,0,0,1,0,0,0,0,0,0,0,0,0
2,C.TRBO6 Comm2,443.2625,448.2625,0,0,1,1,1,20,0,0,0,0,0,0,0,0,0,0,0,0,0,0,0,1,0,108,4,1,1,0,0,0,0,None,None,2,2,0,0,1,0,0,0,0,0,0,0,0,0
2,C.TX Statewide,443.2625,448.2625,0,3,1,1,1,20,0,0,0,0,0,0,0,0,0,0,0,0,0,0,0,1,0,69,6,1,0,0,0,0,0,None,None,0,0,3,2,1,0,0,0,0,0,0,0,0,0
2,C.Tennesee,443.2625,448.2625,0,0,1,1,1,20,0,0,0,0,0,0,0,0,0,0,0,0,0,0,0,1,0,68,6,1,0,0,0,0,0,None,None,2,2,0,0,1,0,0,0,0,0,0,0,0,0
2,C.Texas Nexus,443.2625,448.2625,0,3,1,1,1,20,0,0,0,0,0,0,0,0,0,0,0,0,0,0,0,1,0,102,6,1,0,0,0,0,0,None,None,0,0,3,2,1,0,0,0,0,0,0,0,0,0
2,C.UAe 1,443.2625,448.2625,0,0,1,1,1,20,0,0,0,0,0,0,0,0,0,0,0,0,0,0,0,1,0,11,5,1,0,0,0,0,0,None,None,2,2,0,0,1,0,0,0,0,0,0,0,0,0
2,C.UAe 2,443.2625,448.2625,0,0,1,1,1,20,0,0,0,0,0,0,0,0,0,0,0,0,0,0,0,1,0,12,5,1,1,0,0,0,0,None,None,2,2,0,0,1,0,0,0,0,0,0,0,0,0
2,C.USA,443.2625,448.2625,0,0,1,1,1,20,0,0,0,0,0,0,0,0,0,0,0,0,0,0,0,1,0,24,4,1,1,0,0,0,0,None,None,2,2,0,0,1,0,0,0,0,0,0,0,0,0
2,C.W5HRC Chat,443.2625,448.2625,0,3,1,1,1,20,0,0,0,0,0,0,0,0,0,0,0,0,0,0,0,1,0,103,1,1,0,0,0,0,0,None,None,0,0,3,2,1,0,0,0,0,0,0,0,0,0
2,C.WW,443.2625,448.2625,0,3,1,1,1,20,0,0,0,0,0,0,0,0,0,0,0,0,0,0,0,1,0,2,5,1,1,0,0,0,0,None,None,0,0,3,2,1,0,0,0,0,0,0,0,0,0
2,C.WWe,443.2625,448.2625,0,3,1,1,1,20,0,0,0,0,0,0,0,0,0,0,0,0,0,0,0,1,0,7,5,1,1,0,0,0,0,None,None,0,0,3,2,1,0,0,0,0,0,0,0,0,0
2,C.Washington,443.2625,448.2625,0,0,1,1,1,20,0,0,0,0,0,0,0,0,0,0,0,0,0,0,0,1,0,73,6,1,0,0,0,0,0,None,None,2,2,0,0,1,0,0,0,0,0,0,0,0,0
2,C.Wisconsin,443.2625,448.2625,0,0,1,1,1,20,0,0,0,0,0,0,0,0,0,0,0,0,0,0,0,1,0,75,6,1,0,0,0,0,0,None,None,2,2,0,0,1,0,0,0,0,0,0,0,0,0
2,D.BM 3148,440.5375,445.5375,0,4,1,1,1,20,0,0,0,0,0,0,0,0,0,0,0,0,0,0,0,1,0,96,6,1,0,0,0,0,0,None,None,0,0,3,2,1,0,0,0,0,0,0,0,0,0
2,D.Cactus,440.5375,445.5375,0,4,1,1,1,20,0,0,0,0,0,0,0,0,0,0,0,0,0,0,0,1,0,89,3,1,1,0,0,0,0,None,None,0,0,3,2,1,0,0,0,0,0,0,0,0,0
2,D.DCI Bridge,440.5375,445.5375,0,4,1,1,1,20,0,0,0,0,0,0,0,0,0,0,0,0,0,0,0,1,0,25,4,1,1,0,0,0,0,None,None,0,0,3,2,1,0,0,0,0,0,0,0,0,0
2,D.Local,440.5375,445.5375,0,4,1,1,1,20,0,0,0,0,0,0,0,0,0,0,0,0,0,0,0,1,0,5,1,1,0,0,0,0,0,None,None,0,0,3,2,1,0,0,0,0,0,0,0,0,0
2,D.Metro,440.5375,445.5375,0,4,1,1,1,20,0,0,0,0,0,0,0,0,0,0,0,0,0,0,0,1,0,3,1,1,1,0,0,0,0,None,None,0,0,3,2,1,0,0,0,0,0,0,0,0,0
2,D.NA,440.5375,445.5375,0,4,1,1,1,20,0,0,0,0,0,0,0,0,0,0,0,0,0,0,0,1,0,4,4,1,0,0,0,0,0,None,None,0,0,3,2,1,0,0,0,0,0,0,0,0,0
2,D.S.Plains,440.5375,445.5375,0,4,1,1,1,20,0,0,0,0,0,0,0,0,0,0,0,0,0,0,0,1,0,85,3,1,1,0,0,0,0,None,None,0,0,3,2,1,0,0,0,0,0,0,0,0,0
2,D.TAC310,440.5375,445.5375,0,4,1,1,1,20,0,0,0,0,0,0,0,0,0,0,0,0,0,0,0,1,0,13,5,1,0,0,0,0,0,None,None,0,0,3,2,1,0,0,0,0,0,0,0,0,0
2,D.TAC311,440.5375,445.5375,0,4,1,1,1,20,0,0,0,0,0,0,0,0,0,0,0,0,0,0,0,1,0,14,5,1,1,0,0,0,0,None,None,0,0,3,2,1,0,0,0,0,0,0,0,0,0
2,D.TX Statewide,440.5375,445.5375,0,4,1,1,1,20,0,0,0,0,0,0,0,0,0,0,0,0,0,0,0,1,0,69,6,1,1,0,0,0,0,None,None,0,0,3,2,1,0,0,0,0,0,0,0,0,0
2,D.WW,440.5375,445.5375,0,4,1,1,1,20,0,0,0,0,0,0,0,0,0,0,0,0,0,0,0,1,0,2,5,1,0,0,0,0,0,None,None,0,0,3,2,1,0,0,0,0,0,0,0,0,0
2,D.WWe,440.5375,445.5375,0,4,1,1,1,20,0,0,0,0,0,0,0,0,0,0,0,0,0,0,0,1,0,7,5,1,0,0,0,0,0,None,None,0,0,3,2,1,0,0,0,0,0,0,0,0,0
2,E.Cactus,441.725,446.725,0,5,1,1,1,20,0,0,0,0,0,0,0,0,0,0,0,0,0,0,0,1,0,89,3,1,1,0,0,0,0,None,None,0,0,3,2,1,0,0,0,0,0,0,0,0,0
2,E.DCI Bridge,441.725,446.725,0,5,1,1,1,20,0,0,0,0,0,0,0,0,0,0,0,0,0,0,0,1,0,25,4,1,0,0,0,0,0,None,None,0,0,3,2,1,0,0,0,0,0,0,0,0,0
2,E.Metro,441.725,446.725,0,5,1,1,1,20,0,0,0,0,0,0,0,0,0,0,0,0,0,0,0,1,0,3,1,1,1,0,0,0,0,None,None,0,0,3,2,1,0,0,0,0,0,0,0,0,0
2,E.Mid Atlantic,441.725,446.725,0,5,1,1,1,20,0,0,0,0,0,0,0,0,0,0,0,0,0,0,0,1,0,83,3,1,1,0,0,0,0,None,None,0,0,3,2,1,0,0,0,0,0,0,0,0,0
2,E.NA,441.725,446.725,0,5,1,1,1,20,0,0,0,0,0,0,0,0,0,0,0,0,0,0,0,1,0,4,4,1,0,0,0,0,0,None,None,0,0,3,2,1,0,0,0,0,0,0,0,0,0
2,E.S.Plains,441.725,446.725,0,5,1,1,1,20,0,0,0,0,0,0,0,0,0,0,0,0,0,0,0,1,0,85,3,1,1,0,0,0,0,None,None,0,0,3,2,1,0,0,0,0,0,0,0,0,0
2,E.SE Region,441.725,446.725,0,5,1,1,1,20,0,0,0,0,0,0,0,0,0,0,0,0,0,0,0,1,0,84,3,1,1,0,0,0,0,None,None,0,0,3,2,1,0,0,0,0,0,0,0,0,0
2,E.TAC310,441.725,446.725,0,5,1,1,1,20,0,0,0,0,0,0,0,0,0,0,0,0,0,0,0,1,0,13,5,1,0,0,0,0,0,None,None,0,0,3,2,1,0,0,0,0,0,0,0,0,0
2,E.TAC311,441.725,446.725,0,5,1,1,1,20,0,0,0,0,0,0,0,0,0,0,0,0,0,0,0,1,0,14,5,1,1,0,0,0,0,None,None,0,0,3,2,1,0,0,0,0,0,0,0,0,0
2,E.TX Statewide,441.725,446.725,0,5,1,1,1,20,0,0,0,0,0,0,0,0,0,0,0,0,0,0,0,1,0,69,6,1,0,0,0,0,0,None,None,0,0,3,2,1,0,0,0,0,0,0,0,0,0
2,E.WW,441.725,446.725,0,5,1,1,1,20,0,0,0,0,0,0,0,0,0,0,0,0,0,0,0,1,0,2,5,1,0,0,0,0,0,None,None,0,0,3,2,1,0,0,0,0,0,0,0,0,0
2,E.WWe,441.725,446.725,0,5,1,1,1,20,0,0,0,0,0,0,0,0,0,0,0,0,0,0,0,1,0,7,5,1,0,0,0,0,0,None,None,0,0,3,2,1,0,0,0,0,0,0,0,0,0
2,F.BM 3148,443.275,448.275,0,6,1,1,1,20,0,0,0,0,0,0,0,0,0,0,0,0,0,0,0,1,0,96,6,9,0,0,0,0,0,None,None,0,0,3,2,1,0,0,0,0,0,0,0,0,0
2,F.Crossroads,443.275,448.275,0,6,1,1,1,20,0,0,0,0,0,0,0,0,0,0,0,0,0,0,0,1,0,94,4,9,1,0,0,0,0,None,None,0,0,3,2,1,0,0,0,0,0,0,0,0,0
2,F.Metro,443.275,448.275,0,6,1,1,1,20,0,0,0,0,0,0,0,0,0,0,0,0,0,0,0,1,0,3,1,9,1,0,0,0,0,None,None,0,0,3,2,1,0,0,0,0,0,0,0,0,0
2,F.NA,443.275,448.275,0,6,1,1,1,20,0,0,0,0,0,0,0,0,0,0,0,0,0,0,0,1,0,4,4,9,1,0,0,0,0,None,None,0,0,3,2,1,0,0,0,0,0,0,0,0,0
2,F.Oklahoma 2,443.275,448.275,0,6,1,1,1,20,0,0,0,0,0,0,0,0,0,0,0,0,0,0,0,1,0,100,6,9,0,0,0,0,0,None,None,0,0,3,2,1,0,0,0,0,0,0,0,0,0
2,F.TAC310,443.275,448.275,0,6,1,1,1,20,0,0,0,0,0,0,0,0,0,0,0,0,0,0,0,1,0,13,5,9,0,0,0,0,0,None,None,0,0,3,2,1,0,0,0,0,0,0,0,0,0
2,F.TAC311,443.275,448.275,0,6,1,1,1,20,0,0,0,0,0,0,0,0,0,0,0,0,0,0,0,1,0,14,5,9,0,0,0,0,0,None,None,0,0,3,2,1,0,0,0,0,0,0,0,0,0
2,F.TAC312,443.275,448.275,0,6,1,1,1,20,0,0,0,0,0,0,0,0,0,0,0,0,0,0,0,1,0,15,5,9,0,0,0,0,0,None,None,0,0,3,2,1,0,0,0,0,0,0,0,0,0
2,F.TX Statewide,443.275,448.275,0,6,1,1,1,20,0,0,0,0,0,0,0,0,0,0,0,0,0,0,0,1,0,69,6,9,1,0,0,0,0,None,None,0,0,3,2,1,0,0,0,0,0,0,0,0,0
2,F.WW,443.275,448.275,0,6,1,1,1,20,0,0,0,0,0,0,0,0,0,0,0,0,0,0,0,1,0,2,5,9,1,0,0,0,0,None,None,0,0,3,2,1,0,0,0,0,0,0,0,0,0
1,FM.2m Simplex,146.52,146.52,2,28,3,1,1,20,0,0,0,0,0,0,0,0,0,0,0,0,0,0,0,1,0,0,0,1,0,0,0,0,0,None,None,0,0,0,2,1,1,0,0,0,0,0,0,0,0
1,FM.70cm Simplex,446,446,2,28,3,1,1,20,0,0,0,0,0,0,0,0,0,0,0,0,0,0,0,1,0,0,0,1,0,0,0,0,0,None,None,0,0,3,2,1,1,0,0,0,0,0,0,0,0
1,FM.Arlington VHF,147.14,147.74,2,28,3,1,1,20,0,0,0,0,0,0,0,0,0,0,0,0,0,0,0,1,0,0,0,1,0,0,0,0,0,110.9,110.9,0,0,3,2,1,0,0,0,0,0,0,0,0,0
1,FM.Bedford UHF,442.825,447.825,2,28,3,1,1,20,0,0,0,0,0,0,0,0,0,0,0,0,0,0,0,1,0,0,0,1,0,0,0,0,0,110.9,110.9,0,0,3,2,1,0,0,0,0,0,0,0,0,0
1,FM.Colleyville U,441.9,447.9,2,28,3,1,1,20,0,0,0,0,0,0,0,0,0,0,0,0,0,0,0,1,0,0,0,1,0,0,0,0,0,None,110.9,0,0,3,2,1,0,0,0,0,0,0,0,0,0
1,FM.Dallas VHF 67,146.7,146.1,2,28,3,1,1,20,0,0,0,0,0,0,0,0,0,0,0,0,0,0,0,1,0,0,0,1,0,0,0,0,0,110.9,110.9,0,0,3,2,1,0,0,0,0,0,0,0,0,0
1,FM.Dallas VHF 88,146.88,146.28,2,28,3,1,1,20,0,0,0,0,0,0,0,0,0,0,0,0,0,0,0,1,0,0,0,1,0,0,0,0,0,110.9,110.9,0,0,3,2,1,0,0,0,0,0,0,0,0,0
1,FM.Euless UHF,442.9,447.9,2,28,3,1,1,20,0,0,0,0,0,0,0,0,0,0,0,0,0,0,0,1,0,0,0,1,0,0,0,0,0,None,110.9,0,0,3,2,1,0,0,0,0,0,0,0,0,0
1,FM.Ft Worth V94,146.94,146.34,2,28,3,1,1,20,0,0,0,0,0,0,0,0,0,0,0,0,0,0,0,1,0,0,0,1,0,0,0,0,0,None,110.9,0,0,3,2,1,0,0,0,0,0,0,0,0,0
1,FM.Haltom VHF,145.33,144.73,2,28,3,1,1,20,0,0,0,0,0,0,0,0,0,0,0,0,0,0,0,1,0,0,0,1,0,0,0,0,0,110.9,110.9,0,0,0,2,1,0,0,0,0,0,0,0,0,0
1,FM.Hurst Simplex,146.4,146.4,2,28,3,1,1,20,0,0,0,0,0,0,0,0,0,0,1,1,1,0,0,1,0,0,0,15,0,0,0,0,0,None,None,0,0,0,2,1,1,1,1,1,1,1,1,1,1
1,FM.Hurst UHF FM,442.85,447.85,2,28,3,1,1,20,0,0,0,0,0,0,0,0,0,0,0,0,0,0,0,1,0,0,0,1,0,0,0,0,0,110.9,110.9,0,0,3,2,1,0,0,0,0,0,0,0,0,0
1,FM.Hurst VHF FM,147.1,147.7,2,28,3,1,1,20,0,0,0,0,0,0,0,0,0,0,0,0,0,0,0,1,0,0,0,1,0,0,0,0,0,110.9,110.9,0,0,3,2,1,0,0,0,0,0,0,0,0,0
1,FM.Keller VHF,147.2,147.8,2,28,3,1,1,20,0,0,0,0,0,0,0,0,0,0,0,0,0,0,0,1,0,0,0,1,0,0,0,0,0,None,110.9,0,0,3,2,1,0,0,0,0,0,0,0,0,0
1,FM.NETARC VHF 54,145.4,144.8,2,28,3,1,1,20,0,0,0,0,0,0,0,0,0,0,0,0,0,0,0,1,0,0,0,1,0,0,0,0,0,None,110.9,0,0,3,2,1,0,0,0,0,0,0,0,0,0
1,FM.NRH VHF,145.37,144.77,2,28,3,1,1,20,0,0,0,0,0,0,0,0,0,0,0,0,0,0,0,1,0,0,0,1,0,0,0,0,0,None,110.9,0,0,3,2,1,0,0,0,0,0,0,0,0,0
2,G.Audio Test,441.3375,446.3375,0,7,1,1,1,20,0,0,0,0,0,0,0,0,0,0,0,0,0,0,0,1,0,98,1,1,1,0,0,0,0,None,None,0,0,3,2,1,1,0,0,0,0,0,0,0,0
2,G.DCI Bridge,441.3375,446.3375,0,7,1,1,1,20,0,0,0,0,0,0,0,0,0,0,0,0,0,0,0,1,0,25,4,1,1,0,0,0,0,None,None,0,0,3,2,1,1,0,0,0,0,0,0,0,0
2,G.Local,441.3375,446.3375,0,7,1,1,1,20,0,0,0,0,0,0,0,0,0,0,0,0,0,0,0,1,0,5,1,1,1,0,0,0,0,None,None,0,0,3,2,1,1,0,0,0,0,0,0,0,0
2,G.Metro,441.3375,446.3375,0,7,1,1,1,20,0,0,0,0,0,0,0,0,0,0,0,0,0,0,0,1,0,3,1,1,1,0,0,0,0,None,None,0,0,3,2,1,1,0,0,0,0,0,0,0,0
2,G.NA,441.3375,446.3375,0,7,1,1,1,20,0,0,0,0,0,0,0,0,0,0,0,0,0,0,0,1,0,4,4,1,0,0,0,0,0,None,None,0,0,3,2,1,1,0,0,0,0,0,0,0,0
2,G.Parrot,441.3375,446.3375,0,7,1,1,1,20,0,0,0,0,0,0,0,0,0,0,0,0,0,0,0,1,0,97,1,1,1,0,0,0,0,None,None,0,0,3,2,1,1,0,0,0,0,0,0,0,0
2,G.TAC310,441.3375,446.3375,0,7,1,1,1,20,0,0,0,0,0,0,0,0,0,0,0,0,0,0,0,1,0,13,5,1,1,0,0,0,0,None,None,0,0,3,2,1,1,0,0,0,0,0,0,0,0
2,G.TX Statewide,441.3375,446.3375,0,7,1,1,1,20,0,0,0,0,0,0,0,0,0,0,0,0,0,0,0,1,0,69,6,1,1,0,0,0,0,None,None,0,0,3,2,1,1,0,0,0,0,0,0,0,0
2,G.WW,441.3375,446.3375,0,7,1,1,1,20,0,0,0,0,0,0,0,0,0,0,0,0,0,0,0,1,0,2,5,1,0,0,0,0,0,None,None,0,0,3,2,1,1,0,0,0,0,0,0,0,0
2,G.WWe,441.3375,446.3375,0,7,1,1,1,20,0,0,0,0,0,0,0,0,0,0,0,0,0,0,0,1,0,7,5,1,0,0,0,0,0,None,None,0,0,3,2,1,1,0,0,0,0,0,0,0,0
2,H.AR NSX Local,442.65,447.65,0,8,1,1,1,20,0,0,0,0,0,0,0,0,0,0,0,0,0,0,0,1,0,105,1,1,1,0,0,0,0,None,None,0,0,3,2,1,0,0,0,0,0,0,0,0,0
2,H.Arkansas,442.65,447.65,0,8,1,1,1,20,0,0,0,0,0,0,0,0,0,0,0,0,0,0,0,1,0,29,6,1,1,0,0,0,0,None,None,0,0,3,2,1,0,0,0,0,0,0,0,0,0
2,H.Audio Test,442.65,447.65,0,8,1,1,1,20,0,0,0,0,0,0,0,0,0,0,0,0,0,0,0,1,0,98,1,1,0,0,0,0,0,None,None,0,0,3,2,1,0,0,0,0,0,0,0,0,0
2,H.BM NA,442.65,447.65,0,8,1,1,1,20,0,0,0,0,0,0,0,0,0,0,0,0,0,0,0,1,0,9,4,1,0,0,0,0,0,None,None,0,0,3,2,1,0,0,0,0,0,0,0,0,0
2,H.BM Region 5,442.65,447.65,0,8,1,1,1,20,0,0,0,0,0,0,0,0,0,0,0,0,0,0,0,1,0,99,3,1,0,0,0,0,0,None,None,0,0,3,2,1,0,0,0,0,0,0,0,0,0
2,H.BM USA,442.65,447.65,0,8,1,1,1,20,0,0,0,0,0,0,0,0,0,0,0,0,0,0,0,1,0,25,4,1,0,0,0,0,0,None,None,0,0,3,2,1,0,0,0,0,0,0,0,0,0
2,H.BM WW,442.65,447.65,0,8,1,1,1,20,0,0,0,0,0,0,0,0,0,0,0,0,0,0,0,1,0,8,5,1,0,0,0,0,0,None,None,0,0,3,2,1,0,0,0,0,0,0,0,0,0
2,I.BM 3148,440.6625,445.6625,0,9,1,1,1,20,0,0,0,0,0,0,0,0,0,0,0,0,0,0,0,1,0,96,6,1,1,0,0,0,0,None,None,0,0,3,2,1,0,0,0,0,0,0,0,0,0
2,I.DCI Bridge,440.6625,445.6625,0,9,1,1,1,20,0,0,0,0,0,0,0,0,0,0,0,0,0,0,0,1,0,25,4,1,1,0,0,0,0,None,None,0,0,3,2,1,0,0,0,0,0,0,0,0,0
2,I.Metro,440.6625,445.6625,0,9,1,1,1,20,0,0,0,0,0,0,0,0,0,0,0,0,0,0,0,1,0,3,1,1,1,0,0,0,0,None,None,0,0,3,2,1,0,0,0,0,0,0,0,0,0
2,I.NA,440.6625,445.6625,0,9,1,1,1,20,0,0,0,0,0,0,0,0,0,0,0,0,0,0,0,1,0,4,4,1,0,0,0,0,0,None,None,0,0,3,2,1,0,0,0,0,0,0,0,0,0
2,I.S.Plains,440.6625,445.6625,0,9,1,1,1,20,0,0,0,0,0,0,0,0,0,0,0,0,0,0,0,1,0,85,3,1,1,0,0,0,0,None,None,0,0,3,2,1,0,0,0,0,0,0,0,0,0
2,I.TAC310,440.6625,445.6625,0,9,1,1,1,20,0,0,0,0,0,0,0,0,0,0,0,0,0,0,0,1,0,13,5,1,0,0,0,0,0,None,None,0,0,3,2,1,0,0,0,0,0,0,0,0,0
2,I.TAC311,440.6625,445.6625,0,9,1,1,1,20,0,0,0,0,0,0,0,0,0,0,0,0,0,0,0,1,0,14,5,1,1,0,0,0,0,None,None,0,0,3,2,1,0,0,0,0,0,0,0,0,0
2,I.TX Statewide,440.6625,445.6625,0,9,1,1,1,20,0,0,0,0,0,0,0,0,0,0,0,0,0,0,0,1,0,69,6,1,0,0,0,0,0,None,None,0,0,3,2,1,0,0,0,0,0,0,0,0,0
2,I.WW,440.6625,445.6625,0,9,1,1,1,20,0,0,0,0,0,0,0,0,0,0,0,0,0,0,0,1,0,2,5,1,0,0,0,0,0,None,None,0,0,3,2,1,0,0,0,0,0,0,0,0,0
2,I.WWe,440.6625,445.6625,0,9,1,1,1,20,0,0,0,0,0,0,0,0,0,0,0,0,0,0,0,1,0,7,5,1,0,0,0,0,0,None,None,0,0,3,2,1,0,0,0,0,0,0,0,0,0
2,J.BM 3148,441.975,446.975,0,10,1,1,1,20,0,0,0,0,0,0,0,0,0,0,0,0,0,0,0,1,0,96,6,1,0,0,0,0,0,None,None,0,0,3,2,1,0,0,0,0,0,0,0,0,0
2,J.Cactus,441.975,446.975,0,10,1,1,1,20,0,0,0,0,0,0,0,0,0,0,0,0,0,0,0,1,0,89,3,1,1,0,0,0,0,None,None,0,0,3,2,1,0,0,0,0,0,0,0,0,0
2,J.Metro,441.975,446.975,0,10,1,1,1,20,0,0,0,0,0,0,0,0,0,0,0,0,0,0,0,1,0,3,1,1,1,0,0,0,0,None,None,0,0,3,2,1,0,0,0,0,0,0,0,0,0
2,J.NA,441.975,446.975,0,10,1,1,1,20,0,0,0,0,0,0,0,0,0,0,0,0,0,0,0,1,0,4,4,1,0,0,0,0,0,None,None,0,0,3,2,1,0,0,0,0,0,0,0,0,0
2,J.S.Plains,441.975,446.975,0,10,1,1,1,20,0,0,0,0,0,0,0,0,0,0,0,0,0,0,0,1,0,85,3,1,1,0,0,0,0,None,None,0,0,3,2,1,0,0,0,0,0,0,0,0,0
2,J.TAC310,441.975,446.975,0,10,1,1,1,20,0,0,0,0,0,0,0,0,0,0,0,0,0,0,0,1,0,13,5,1,0,0,0,0,0,None,None,0,0,3,2,1,0,0,0,0,0,0,0,0,0
2,J.TAC311,441.975,446.975,0,10,1,1,1,20,0,0,0,0,0,0,0,0,0,0,0,0,0,0,0,1,0,14,5,1,1,0,0,0,0,None,None,0,0,3,2,1,0,0,0,0,0,0,0,0,0
2,J.TX Statewide,441.975,446.975,0,10,1,1,1,20,0,0,0,0,0,0,0,0,0,0,0,0,0,0,0,1,0,69,6,1,0,0,0,0,0,None,None,0,0,3,2,1,0,0,0,0,0,0,0,0,0
2,J.Tarrant County,441.975,446.975,0,10,1,1,1,20,0,0,0,0,0,0,0,0,0,0,0,0,0,0,0,1,0,6,1,1,0,0,0,0,0,None,None,0,0,3,2,1,0,0,0,0,0,0,0,0,0
2,J.WW,441.975,446.975,0,10,1,1,1,20,0,0,0,0,0,0,0,0,0,0,0,0,0,0,0,1,0,2,5,1,0,0,0,0,0,None,None,0,0,3,2,1,0,0,0,0,0,0,0,0,0
2,J.WWe,441.975,446.975,0,10,1,1,1,20,0,0,0,0,0,0,0,0,0,0,0,0,0,0,0,1,0,7,5,1,0,0,0,0,0,None,None,0,0,3,2,1,0,0,0,0,0,0,0,0,0
2,K.Cactus,443.45,448.45,0,11,1,1,1,20,0,0,0,0,0,0,0,0,0,0,0,0,0,0,0,1,0,89,3,1,1,0,0,0,0,None,None,0,0,3,2,1,0,0,0,0,0,0,0,0,0
2,K.DCI Bridge,443.45,448.45,0,11,1,1,1,20,0,0,0,0,0,0,0,0,0,0,0,0,0,0,0,1,0,25,4,1,1,0,0,0,0,None,None,0,0,3,2,1,0,0,0,0,0,0,0,0,0
2,K.Local,443.45,448.45,0,11,1,1,1,20,0,0,0,0,0,0,0,0,0,0,0,0,0,0,0,1,0,5,1,1,1,0,0,0,0,None,None,0,0,3,2,1,0,0,0,0,0,0,0,0,0
2,K.Metro,443.45,448.45,0,11,1,1,1,20,0,0,0,0,0,0,0,0,0,0,0,0,0,0,0,1,0,3,1,1,0,0,0,0,0,None,None,0,0,3,2,1,0,0,0,0,0,0,0,0,0
2,K.Mid Atlantic,443.45,448.45,0,11,1,1,1,20,0,0,0,0,0,0,0,0,0,0,0,0,0,0,0,1,0,83,3,1,1,0,0,0,0,None,None,0,0,3,2,1,0,0,0,0,0,0,0,0,0
2,K.NA,443.45,448.45,0,11,1,1,1,20,0,0,0,0,0,0,0,0,0,0,0,0,0,0,0,1,0,4,4,1,0,0,0,0,0,None,None,0,0,3,2,1,0,0,0,0,0,0,0,0,0
2,K.S.Plains,443.45,448.45,0,11,1,1,1,20,0,0,0,0,0,0,0,0,0,0,0,0,0,0,0,1,0,85,3,1,1,0,0,0,0,None,None,0,0,3,2,1,0,0,0,0,0,0,0,0,0
2,K.SE Region,443.45,448.45,0,11,1,1,1,20,0,0,0,0,0,0,0,0,0,0,0,0,0,0,0,1,0,84,3,1,1,0,0,0,0,None,None,0,0,3,2,1,0,0,0,0,0,0,0,0,0
2,K.TAC310,443.45,448.45,0,11,1,1,1,20,0,0,0,0,0,0,0,0,0,0,0,0,0,0,0,1,0,13,5,1,0,0,0,0,0,None,None,0,0,3,2,1,0,0,0,0,0,0,0,0,0
2,K.TAC311,443.45,448.45,0,11,1,1,1,20,0,0,0,0,0,0,0,0,0,0,0,0,0,0,0,1,0,14,5,1,1,0,0,0,0,None,None,0,0,3,2,1,0,0,0,0,0,0,0,0,0
2,K.TX Statewide,443.45,448.45,0,11,1,1,1,20,0,0,0,0,0,0,0,0,0,0,0,0,0,0,0,1,0,69,6,1,1,0,0,0,0,None,None,0,0,3,2,1,0,0,0,0,0,0,0,0,0
2,K.USA,443.45,448.45,0,11,1,1,1,20,0,0,0,0,0,0,0,0,0,0,0,0,0,0,0,1,0,24,4,1,0,0,0,0,0,None,None,0,0,3,2,1,0,0,0,0,0,0,0,0,0
2,K.WW,443.45,448.45,0,11,1,1,1,20,0,0,0,0,0,0,0,0,0,0,0,0,0,0,0,1,0,2,5,1,0,0,0,0,0,None,None,0,0,3,2,1,0,0,0,0,0,0,0,0,0
2,K.WWe,443.45,448.45,0,11,1,1,1,20,0,0,0,0,0,0,0,0,0,0,0,0,0,0,0,1,0,7,5,1,0,0,0,0,0,None,None,0,0,3,2,1,0,0,0,0,0,0,0,0,0
2,L.Metro,442.925,447.925,0,12,1,1,1,20,0,0,0,0,0,0,0,0,0,0,0,0,0,0,0,1,0,3,1,9,1,0,0,0,0,None,None,0,0,3,2,1,0,0,0,0,0,0,0,0,0
2,L.NA,442.925,447.925,0,12,1,1,1,20,0,0,0,0,0,0,0,0,0,0,0,0,0,0,0,1,0,4,4,9,1,0,0,0,0,None,None,0,0,3,2,1,0,0,0,0,0,0,0,0,0
2,L.S.Plains,442.925,447.925,0,12,1,1,1,20,0,0,0,0,0,0,0,0,0,0,0,0,0,0,0,1,0,85,3,9,1,0,0,0,0,None,None,0,0,3,2,1,0,0,0,0,0,0,0,0,0
2,L.TAC310,442.925,447.925,0,12,1,1,1,20,0,0,0,0,0,0,0,0,0,0,0,0,0,0,0,1,0,13,5,9,0,0,0,0,0,None,None,0,0,3,2,1,0,0,0,0,0,0,0,0,0
2,L.TAC311,442.925,447.925,0,12,1,1,1,20,0,0,0,0,0,0,0,0,0,0,0,0,0,0,0,1,0,14,5,9,0,0,0,0,0,None,None,0,0,3,0,1,0,0,0,0,0,0,0,0,0
2,L.TAC312,442.925,447.925,0,12,1,1,1,20,0,0,0,0,0,0,0,0,0,0,0,0,0,1,0,0,0,15,5,9,0,0,0,0,0,None,None,0,0,0,0,1,0,0,0,0,0,0,0,0,0
2,L.TX Statewide,442.925,447.925,0,12,1,1,1,20,0,0,0,0,0,0,0,0,0,0,0,0,0,1,0,0,0,69,6,9,1,0,0,0,0,None,None,0,0,0,2,1,0,0,0,0,0,0,0,0,0
2,L.WW,442.925,447.925,0,12,1,1,1,20,0,0,0,0,0,0,0,0,0,0,0,0,0,0,0,1,0,2,5,9,0,0,0,0,0,None,None,0,0,3,2,1,0,0,0,0,0,0,0,0,0
2,M.Local,440.5125,445.5125,0,13,1,1,1,20,0,0,0,0,0,0,0,0,0,0,0,0,0,0,0,1,0,5,1,9,1,0,0,0,0,None,None,0,0,3,2,1,0,0,0,0,0,0,0,0,0
2,M.Metro,440.5125,445.5125,0,13,1,1,1,20,0,0,0,0,0,0,0,0,0,0,0,0,0,0,0,1,0,3,1,9,1,0,0,0,0,None,None,0,0,3,2,1,0,0,0,0,0,0,0,0,0
2,M.NA,440.5125,445.5125,0,13,1,1,1,20,0,0,0,0,0,0,0,0,0,0,0,0,0,0,0,1,0,4,4,9,0,0,0,0,0,None,None,0,0,3,2,1,0,0,0,0,0,0,0,0,0
2,M.S.Plains,440.5125,445.5125,0,13,1,1,1,20,0,0,0,0,0,0,0,0,0,0,0,0,0,0,0,1,0,85,3,9,1,0,0,0,0,None,None,0,0,3,2,1,0,0,0,0,0,0,0,0,0
2,M.TAC310,440.5125,445.5125,0,13,1,1,1,20,0,0,0,0,0,0,0,0,0,0,0,0,0,0,0,1,0,13,5,9,1,0,0,0,0,None,None,0,0,3,2,1,0,0,0,0,0,0,0,0,0
2,M.TAC311,440.5125,445.5125,0,13,1,1,1,20,0,0,0,0,0,0,0,0,0,0,0,0,0,0,0,1,0,14,5,9,1,0,0,0,0,None,None,0,0,3,2,1,0,0,0,0,0,0,0,0,0
2,M.TX Statewide,440.5125,445.5125,0,13,1,1,1,20,0,0,0,0,0,0,0,0,0,0,0,0,0,0,0,1,0,69,6,9,1,0,0,0,0,None,None,0,0,3,2,1,0,0,0,0,0,0,0,0,0
2,M.WW,440.5125,445.5125,0,13,1,1,1,20,0,0,0,0,0,0,0,0,0,0,0,0,0,0,0,1,0,2,5,9,0,0,0,0,0,None,None,0,0,3,2,1,0,0,0,0,0,0,0,0,0
2,N.Austin Metro,442.65,447.65,0,14,1,1,1,20,0,0,0,0,0,0,0,0,0,0,0,0,0,0,0,1,0,6,1,1,0,0,0,0,0,None,None,0,0,3,2,1,0,0,0,0,0,0,0,0,0
2,N.Cactus,442.65,447.65,0,14,1,1,1,20,0,0,0,0,0,0,0,0,0,0,0,0,0,0,0,1,0,89,3,1,1,0,0,0,0,None,None,0,0,3,2,1,0,0,0,0,0,0,0,0,0
2,N.Local,442.65,447.65,0,14,1,1,1,20,0,0,0,0,0,0,0,0,0,0,0,0,0,0,0,1,0,5,1,1,0,0,0,0,0,None,None,0,0,3,2,1,0,0,0,0,0,0,0,0,0
2,N.S.Plains,442.65,447.65,0,14,1,1,1,20,0,0,0,0,0,0,0,0,0,0,0,0,0,0,0,1,0,85,3,1,1,0,0,0,0,None,None,0,0,3,2,1,0,0,0,0,0,0,0,0,0
2,N.TX Statewide,442.65,447.65,0,14,1,1,1,20,0,0,0,0,0,0,0,0,0,0,0,0,0,0,0,1,0,69,6,1,0,0,0,0,0,None,None,0,0,3,2,1,0,0,0,0,0,0,0,0,0
2,O.Metro,440.6875,445.6875,0,26,1,1,1,20,0,0,0,0,0,0,0,0,0,0,0,0,0,0,0,1,0,3,1,1,0,0,0,0,0,None,None,0,0,3,2,1,1,0,0,0,0,0,0,0,0
2,O.TX Statewide,440.6875,445.6875,0,26,1,1,1,20,0,0,0,0,0,0,0,0,0,0,0,0,0,0,0,1,0,69,6,1,1,0,0,0,0,None,None,0,0,3,2,1,1,0,0,0,0,0,0,0,0
2,P.Cactus,440.5,445.5,0,15,1,1,1,20,0,0,0,0,0,0,0,0,0,0,0,0,0,0,0,1,0,89,3,1,1,0,0,0,0,None,None,0,0,3,2,1,0,0,0,0,0,0,0,0,0
2,P.DCI Bridge,440.5,445.5,0,15,1,1,1,20,0,0,0,0,0,0,0,0,0,0,0,0,0,0,0,1,0,25,4,1,1,0,0,0,0,None,None,0,0,3,2,1,0,0,0,0,0,0,0,0,0
2,P.Local,440.5,445.5,0,15,1,1,1,20,0,0,0,0,0,0,0,0,0,0,0,0,0,0,0,1,0,5,1,1,0,0,0,0,0,None,None,0,0,3,2,1,0,0,0,0,0,0,0,0,0
2,P.Metro,440.5,445.5,0,15,1,1,1,20,0,0,0,0,0,0,0,0,0,0,0,0,0,0,0,1,0,3,1,1,0,0,0,0,0,None,None,0,0,3,2,1,0,0,0,0,0,0,0,0,0
2,P.Mid Atlantic,440.5,445.5,0,15,1,1,1,20,0,0,0,0,0,0,0,0,0,0,0,0,0,0,0,1,0,83,3,1,1,0,0,0,0,None,None,0,0,3,2,1,0,0,0,0,0,0,0,0,0
2,P.NA,440.5,445.5,0,15,1,1,1,20,0,0,0,0,0,0,0,0,0,0,0,0,0,0,0,1,0,4,4,1,0,0,0,0,0,None,None,0,0,3,2,1,0,0,0,0,0,0,0,0,0
2,P.S.Plains,440.5,445.5,0,15,1,1,1,20,0,0,0,0,0,0,0,0,0,0,0,0,0,0,0,1,0,85,3,1,1,0,0,0,0,None,None,0,0,3,2,1,0,0,0,0,0,0,0,0,0
2,P.SE Region,440.5,445.5,0,15,1,1,1,20,0,0,0,0,0,0,0,0,0,0,0,0,0,0,0,1,0,84,3,1,1,0,0,0,0,None,None,0,0,3,2,1,0,0,0,0,0,0,0,0,0
2,P.TAC310,440.5,445.5,0,15,1,1,1,20,0,0,0,0,0,0,0,0,0,0,0,0,0,0,0,1,0,13,5,1,0,0,0,0,0,None,None,0,0,3,2,1,0,0,0,0,0,0,0,0,0
2,P.TAC311,440.5,445.5,0,15,1,1,1,20,0,0,0,0,0,0,0,0,0,0,0,0,0,0,0,1,0,14,5,1,1,0,0,0,0,None,None,0,0,3,2,1,0,0,0,0,0,0,0,0,0
2,P.TX Statewide,440.5,445.5,0,15,1,1,1,20,0,0,0,0,0,0,0,0,0,0,0,0,0,0,0,1,0,69,6,1,1,0,0,0,0,None,None,0,0,3,2,1,0,0,0,0,0,0,0,0,0
2,P.WW,440.5,445.5,0,15,1,1,1,20,0,0,0,0,0,0,0,0,0,0,0,0,0,0,0,1,0,2,5,1,0,0,0,0,0,None,None,0,0,3,2,1,0,0,0,0,0,0,0,0,0
2,P.WWe,440.5,445.5,0,15,1,1,1,20,0,0,0,0,0,0,0,0,0,0,0,0,0,0,0,1,0,7,5,1,0,0,0,0,0,None,None,0,0,3,2,1,0,0,0,0,0,0,0,0,0
2,Q.BM 3148,440.45,445.45,0,16,1,1,1,20,0,0,0,0,0,0,0,0,0,0,0,0,0,0,0,1,0,96,6,1,0,0,0,0,0,None,None,0,0,3,2,1,0,0,0,0,0,0,0,0,0
2,Q.Cactus,440.45,445.45,0,16,1,1,1,20,0,0,0,0,0,0,0,0,0,0,0,0,0,0,0,1,0,89,3,1,1,0,0,0,0,None,None,0,0,3,2,1,0,0,0,0,0,0,0,0,0
2,Q.DCI Bridge,440.45,445.45,0,16,1,1,1,20,0,0,0,0,0,0,0,0,0,0,0,0,0,0,0,1,0,25,4,1,0,0,0,0,0,None,None,0,0,3,2,1,0,0,0,0,0,0,0,0,0
2,Q.Local,440.45,445.45,0,16,1,1,1,20,0,0,0,0,0,0,0,0,0,0,0,0,0,0,0,1,0,5,1,1,1,0,0,0,0,None,None,0,0,3,2,1,0,0,0,0,0,0,0,0,0
2,Q.Metro,440.45,445.45,0,16,1,1,1,20,0,0,0,0,0,0,0,0,0,0,0,0,0,0,0,1,0,3,1,1,1,0,0,0,0,None,None,0,0,3,2,1,0,0,0,0,0,0,0,0,0
2,Q.NA,440.45,445.45,0,16,1,1,1,20,0,0,0,0,0,0,0,0,0,0,0,0,0,0,0,1,0,4,4,1,0,0,0,0,0,None,None,0,0,3,2,1,0,0,0,0,0,0,0,0,0
2,Q.S.Plains,440.45,445.45,0,16,1,1,1,20,0,0,0,0,0,0,0,0,0,0,0,0,0,0,0,1,0,85,3,1,1,0,0,0,0,None,None,0,0,3,2,1,0,0,0,0,0,0,0,0,0
2,Q.TAC310,440.45,445.45,0,16,1,1,1,20,0,0,0,0,0,0,0,0,0,0,0,0,0,0,0,1,0,13,5,1,0,0,0,0,0,None,None,0,0,3,2,1,0,0,0,0,0,0,0,0,0
2,Q.TX Statewide,440.45,445.45,0,16,1,1,1,20,0,0,0,0,0,0,0,0,0,0,0,0,0,0,0,1,0,69,6,1,1,0,0,0,0,None,None,0,0,3,2,1,0,0,0,0,0,0,0,0,0
2,Q.WW,440.45,445.45,0,16,1,1,1,20,0,0,0,0,0,0,0,0,0,0,0,0,0,0,0,1,0,2,5,1,0,0,0,0,0,None,None,0,0,3,2,1,0,0,0,0,0,0,0,0,0
2,Q.WWe,440.45,445.45,0,16,1,1,1,20,0,0,0,0,0,0,0,0,0,0,0,0,0,0,0,1,0,7,5,1,0,0,0,0,0,None,None,0,0,3,2,1,0,0,0,0,0,0,0,0,0
2,R. WW,441.775,446.775,0,17,1,1,1,20,0,0,0,0,0,0,0,0,0,0,0,0,0,0,0,1,0,2,5,7,0,0,0,0,0,None,None,0,0,3,2,1,0,0,0,0,0,0,0,0,0
2,R.Cactus,441.775,446.775,0,17,1,1,1,20,0,0,0,0,0,0,0,0,0,0,0,0,0,0,0,1,0,89,3,7,1,0,0,0,0,None,None,0,0,3,2,1,0,0,0,0,0,0,0,0,0
2,R.DCI Bridge,441.775,446.775,0,17,1,1,1,20,0,0,0,0,0,0,0,0,0,0,0,0,0,0,0,1,0,25,4,7,0,0,0,0,0,None,None,0,0,3,2,1,0,0,0,0,0,0,0,0,0
2,R.Metro,441.775,446.775,0,17,1,1,1,20,0,0,0,0,0,0,0,0,0,0,0,0,0,0,0,1,0,3,1,7,1,0,0,0,0,None,None,0,0,3,2,1,0,0,0,0,0,0,0,0,0
2,R.NA,441.775,446.775,0,17,1,1,1,20,0,0,0,0,0,0,0,0,0,0,0,0,0,0,0,1,0,4,4,7,0,0,0,0,0,None,None,0,0,3,2,1,0,0,0,0,0,0,0,0,0
2,R.S.Plains,441.775,446.775,0,17,1,1,1,20,0,0,0,0,0,0,0,0,0,0,0,0,0,0,0,1,0,85,3,7,1,0,0,0,0,None,None,0,0,3,2,1,0,0,0,0,0,0,0,0,0
2,R.TX Statewide,441.775,446.775,0,17,1,1,1,20,0,0,0,0,0,0,0,0,0,0,0,0,0,0,0,1,0,69,6,7,1,0,0,0,0,None,None,0,0,3,2,1,0,0,0,0,0,0,0,0,0
2,S.Cactus,442.875,447.875,0,18,1,1,1,20,0,0,0,0,0,0,0,0,0,0,0,0,0,0,0,1,0,89,3,1,1,0,0,0,0,None,None,0,0,3,2,1,1,0,0,0,0,0,0,0,0
2,S.Local,442.875,447.875,0,18,1,1,1,20,0,0,0,0,0,0,0,0,0,0,0,0,0,0,0,1,0,5,1,1,0,0,0,0,0,None,None,0,0,3,2,1,1,0,0,0,0,0,0,0,0
2,S.S.Plains,442.875,447.875,0,18,1,1,1,20,0,0,0,0,0,0,0,0,0,0,0,0,0,0,0,1,0,85,3,1,1,0,0,0,0,None,None,0,0,3,2,1,1,0,0,0,0,0,0,0,0
2,S.TX Statewide,442.875,447.875,0,18,1,1,1,20,0,0,0,0,0,0,0,0,0,0,0,0,0,0,0,1,0,69,6,1,0,0,0,0,0,None,None,0,0,3,2,1,1,0,0,0,0,0,0,0,0
2,S.Tarrant County,442.875,447.875,0,18,1,1,1,20,0,0,0,0,0,0,0,0,0,0,0,0,0,0,0,1,0,6,1,1,0,0,0,0,0,None,None,0,0,3,2,1,1,0,0,0,0,0,0,0,0
2,Silent Bank,449.95,449.95,0,0,1,1,1,20,0,0,0,0,1,0,0,0,0,0,0,0,0,0,0,1,0,1,0,15,0,0,0,0,0,None,None,0,0,3,2,1,1,0,0,0,0,0,0,0,0
2,Sim.DMR Simplex ,441,441,0,22,1,1,1,20,0,0,0,0,0,0,0,0,0,0,0,0,0,0,0,1,0,10,1,1,0,0,0,0,0,None,None,0,0,3,2,1,1,0,0,0,0,0,0,0,0
2,Sim.DMR Simplex ,446.5,446.5,0,22,1,1,1,20,0,0,0,0,0,0,0,0,0,0,0,0,0,0,0,1,0,10,1,1,0,0,0,0,0,None,None,0,0,3,2,1,1,0,0,0,0,0,0,0,0
2,Sim.DMR Simplex ,446.075,446.075,0,22,1,1,1,20,0,0,0,0,0,0,0,0,0,0,0,0,0,0,0,1,0,10,1,1,0,0,0,0,0,None,None,0,0,3,2,1,1,0,0,0,0,0,0,0,0
2,Sim.DMR Simplex ,433.45,433.45,0,22,1,1,1,20,0,0,0,0,0,0,0,0,0,0,0,0,0,0,0,1,0,10,1,1,0,0,0,0,0,None,None,0,0,3,2,1,1,0,0,0,0,0,0,0,0
2,T.Audio Test,444.9,449.9,0,19,1,1,1,20,0,0,0,0,0,0,0,0,0,0,0,0,0,0,0,1,0,98,1,1,0,0,0,0,0,None,None,0,0,0,2,1,0,0,0,0,0,0,0,0,0
2,T.DCI Bridge,444.9,449.9,0,19,1,1,1,20,0,0,0,0,0,0,0,0,0,0,0,0,0,0,0,1,0,25,4,1,1,0,0,0,0,None,None,0,0,3,2,1,0,0,0,0,0,0,0,0,0
2,T.Metro,444.9,449.9,0,19,1,1,1,20,0,0,0,0,0,0,0,0,0,0,0,0,0,0,0,1,0,3,1,1,1,0,0,0,0,None,None,0,0,3,2,1,0,0,0,0,0,0,0,0,0
2,T.NA,444.9,449.9,0,19,1,1,1,20,0,0,0,0,0,0,0,0,0,0,0,0,0,0,0,1,0,4,4,1,0,0,0,0,0,None,None,0,0,3,2,1,0,0,0,0,0,0,0,0,0
2,T.S.Plains,444.9,449.9,0,19,1,1,1,20,0,0,0,0,0,0,0,0,0,0,0,0,0,0,0,1,0,85,3,1,1,0,0,0,0,None,None,0,0,3,2,1,0,0,0,0,0,0,0,0,0
2,T.TAC310,444.9,449.9,0,19,1,1,1,20,0,0,0,0,0,0,0,0,0,0,0,0,0,0,0,1,0,13,5,1,0,0,0,0,0,None,None,0,0,3,2,1,0,0,0,0,0,0,0,0,0
2,T.TX Statewide,444.9,449.9,0,19,1,1,1,20,0,0,0,0,0,0,0,0,0,0,0,0,0,0,0,1,0,69,6,1,1,0,0,0,0,None,None,0,0,3,2,1,0,0,0,0,0,0,0,0,0
2,T.WW,444.9,449.9,0,19,1,1,1,20,0,0,0,0,0,0,0,0,0,0,0,0,0,0,0,1,0,2,5,1,0,0,0,0,0,None,None,0,0,3,2,1,0,0,0,0,0,0,0,0,0
2,T.WWe,444.9,449.9,0,19,1,1,1,20,0,0,0,0,0,0,0,0,0,0,0,0,0,0,0,1,0,7,5,1,0,0,0,0,0,None,None,0,0,3,2,1,0,0,0,0,0,0,0,0,0
2,U.Metro,440.35,445.35,0,27,1,1,1,20,0,0,0,0,0,0,0,0,0,0,0,0,0,0,0,1,0,3,1,1,1,0,0,0,0,None,None,0,0,3,2,1,1,0,0,0,0,0,0,0,0
2,U.NA,440.35,445.35,0,27,1,1,1,20,0,0,0,0,0,0,0,0,0,0,0,0,0,0,0,1,0,4,4,1,0,0,0,0,0,None,None,0,0,3,2,1,1,0,0,0,0,0,0,0,0
2,U.S.Plains,440.35,445.35,0,27,1,1,1,20,0,0,0,0,0,0,0,0,0,0,0,0,0,0,0,1,0,85,3,1,1,0,0,0,0,None,None,0,0,3,2,1,1,0,0,0,0,0,0,0,0
2,U.TAC310,440.35,445.35,0,27,1,1,1,20,0,0,0,0,0,0,0,0,0,0,0,0,0,0,0,1,0,13,5,1,0,0,0,0,0,None,None,0,0,3,2,1,1,0,0,0,0,0,0,0,0
2,U.TX Statewide,440.35,445.35,0,27,1,1,1,20,0,0,0,0,0,0,0,0,0,0,0,0,0,0,0,1,0,69,6,1,0,0,0,0,0,None,None,0,0,3,2,1,1,0,0,0,0,0,0,0,0
2,U.WW,440.35,445.35,0,27,1,1,1,20,0,0,0,0,0,0,0,0,0,0,0,0,0,0,0,1,0,2,5,1,0,0,0,0,0,None,None,0,0,3,2,1,1,0,0,0,0,0,0,0,0
2,V.Metro,440.525,445.525,0,20,1,1,1,20,0,0,0,0,0,0,0,0,0,0,0,0,0,0,0,1,0,3,1,1,1,0,0,0,0,None,None,0,0,3,2,1,0,0,0,0,0,0,0,0,0
2,V.NA,440.525,445.525,0,20,1,1,1,20,0,0,0,0,0,0,0,0,0,0,0,0,0,0,0,1,0,4,4,1,0,0,0,0,0,None,None,0,0,3,2,1,0,0,0,0,0,0,0,0,0
2,V.TX Statewide,440.525,445.525,0,20,1,1,1,20,0,0,0,0,0,0,0,0,0,0,0,0,0,0,0,1,0,69,6,1,1,0,0,0,0,None,None,0,0,3,2,1,0,0,0,0,0,0,0,0,0
2,V.WWe,440.525,445.525,0,20,1,1,1,20,0,0,0,0,0,0,0,0,0,0,0,0,0,0,0,1,0,7,5,1,0,0,0,0,0,None,None,0,0,3,2,1,0,0,0,0,0,0,0,0,0
2,W.DCI Bridge,440.6875,445.6875,0,21,1,1,1,20,0,0,0,0,0,0,0,0,0,0,0,0,0,0,0,1,0,25,4,1,0,0,0,0,0,None,None,0,0,3,2,1,1,0,0,0,0,0,0,0,0
2,W.Local,440.6875,445.6875,0,21,1,1,1,20,0,0,0,0,0,0,0,0,0,0,0,0,0,0,0,1,0,5,1,1,1,0,0,0,0,None,None,0,0,3,2,1,1,0,0,0,0,0,0,0,0
2,W.NA,440.6875,445.6875,0,21,1,1,1,20,0,0,0,0,0,0,0,0,0,0,0,0,0,0,0,1,0,4,4,1,0,0,0,0,0,None,None,0,0,3,2,1,1,0,0,0,0,0,0,0,0
2,W.S.Plains,440.6875,445.6875,0,21,1,1,1,20,0,0,0,0,0,0,0,0,0,0,0,0,0,0,0,1,0,85,3,1,1,0,0,0,0,None,None,0,0,3,2,1,1,0,0,0,0,0,0,0,0
2,W.TAC310,440.6875,445.6875,0,21,1,1,1,20,0,0,0,0,0,0,0,0,0,0,0,0,0,0,0,1,0,13,5,1,0,0,0,0,0,None,None,0,0,3,2,1,1,0,0,0,0,0,0,0,0
2,W.TX Statewide,440.6875,445.6875,0,21,1,1,1,20,0,0,0,0,0,0,0,0,0,0,0,0,0,0,0,1,0,69,6,1,1,0,0,0,0,None,None,0,0,3,2,1,1,0,0,0,0,0,0,0,0
2,W.WW,440.6875,445.6875,0,21,1,1,1,20,0,0,0,0,0,0,0,0,0,0,0,0,0,0,0,1,0,2,5,1,0,0,0,0,0,None,None,0,0,3,2,1,1,0,0,0,0,0,0,0,0
2,X.Houston,444.75,449.75,0,23,1,1,1,20,0,0,0,0,0,0,0,0,0,0,0,0,0,0,0,1,0,91,1,3,1,0,0,0,0,None,None,0,0,3,2,1,1,0,0,0,0,0,0,0,0
2,X.Local,444.75,449.75,0,23,1,1,1,20,0,0,0,0,0,0,0,0,0,0,0,0,0,0,0,1,0,3,1,3,1,0,0,0,0,None,None,0,0,3,2,1,1,0,0,0,0,0,0,0,0
2,X.S.Plains,444.75,449.75,0,23,1,1,1,20,0,0,0,0,0,0,0,0,0,0,0,0,0,0,0,1,0,85,3,3,1,0,0,0,0,None,None,0,0,3,2,1,1,0,0,0,0,0,0,0,0
2,X.SETXEmcomm,444.75,449.75,0,23,1,1,1,20,0,0,0,0,0,0,0,0,0,0,0,0,0,0,0,1,0,92,1,3,1,0,0,0,0,None,None,0,0,3,2,1,1,0,0,0,0,0,0,0,0
2,X.TX Statewide,444.75,449.75,0,23,1,1,1,20,0,0,0,0,0,0,0,0,0,0,0,0,0,0,0,1,0,69,6,3,1,0,0,0,0,None,None,0,0,3,2,1,1,0,0,0,0,0,0,0,0
2,Y.DCI Bridge,442.675,447.675,0,24,1,1,1,20,0,0,0,0,0,0,0,0,0,0,0,0,0,0,0,1,0,25,4,7,0,0,0,0,0,None,None,0,0,3,2,1,1,0,0,0,0,0,0,0,0
2,Y.Houston,442.675,447.675,0,24,1,1,1,20,0,0,0,0,0,0,0,0,0,0,0,0,0,0,0,1,0,91,1,7,1,0,0,0,0,None,None,0,0,3,2,1,1,0,0,0,0,0,0,0,0
2,Y.Local,442.675,447.675,0,24,1,1,1,20,0,0,0,0,0,0,0,0,0,0,0,0,0,0,0,1,0,3,1,7,1,0,0,0,0,None,None,0,0,3,2,1,1,0,0,0,0,0,0,0,0
2,Y.NA,442.675,447.675,0,24,1,1,1,20,0,0,0,0,0,0,0,0,0,0,0,0,0,0,0,1,0,4,4,7,0,0,0,0,0,None,None,0,0,3,2,1,1,0,0,0,0,0,0,0,0
2,Y.S.Plains,442.675,447.675,0,24,1,1,1,20,0,0,0,0,0,0,0,0,0,0,0,0,0,0,0,1,0,85,3,7,1,0,0,0,0,None,None,0,0,3,2,1,1,0,0,0,0,0,0,0,0
2,Y.SETXEmComm,442.675,447.675,0,24,1,1,1,20,0,0,0,0,0,0,0,0,0,0,0,0,0,0,0,1,0,92,1,7,1,0,0,0,0,None,None,0,0,3,2,1,1,0,0,0,0,0,0,0,0
2,Y.TAC310,442.675,447.675,0,24,1,1,1,20,0,0,0,0,0,0,0,0,0,0,0,0,0,0,0,1,0,13,5,7,0,0,0,0,0,None,None,0,0,3,2,1,1,0,0,0,0,0,0,0,0
2,Y.TAC311,442.675,447.675,0,24,1,1,1,20,0,0,0,0,0,0,0,0,0,0,0,0,0,0,0,1,0,14,5,7,0,0,0,0,0,None,None,0,0,3,2,1,1,0,0,0,0,0,0,0,0
2,Y.TAC312,442.675,447.675,0,24,1,1,1,20,0,0,0,0,0,0,0,0,0,0,0,0,0,0,0,1,0,15,5,7,0,0,0,0,0,None,None,0,0,3,2,1,1,0,0,0,0,0,0,0,0
2,Y.TX Statewide,442.675,447.675,0,24,1,1,1,20,0,0,0,0,0,0,0,0,0,0,0,0,0,0,0,1,0,69,6,7,1,0,0,0,0,None,None,0,0,3,2,1,1,0,0,0,0,0,0,0,0
2,Y.WW,442.675,447.675,0,24,1,1,1,20,0,0,0,0,0,0,0,0,0,0,0,0,0,0,0,1,0,2,5,7,0,0,0,0,0,None,None,0,0,3,2,1,1,0,0,0,0,0,0,0,0
2,Z.DCI Bridge,441.875,446.875,0,25,1,1,1,20,0,0,0,0,0,0,0,0,0,0,0,0,0,0,0,1,0,25,4,2,0,0,0,0,0,None,None,0,0,3,2,1,1,0,0,0,0,0,0,0,0
2,Z.Houston,441.875,446.875,0,25,1,1,1,20,0,0,0,0,0,0,0,0,0,0,0,0,0,0,0,1,0,91,1,2,1,0,0,0,0,None,None,0,0,3,2,1,1,0,0,0,0,0,0,0,0
2,Z.Local,441.875,446.875,0,25,1,1,1,20,0,0,0,0,0,0,0,0,0,0,0,0,0,0,0,1,0,5,1,2,1,0,0,0,0,None,None,0,0,3,2,1,1,0,0,0,0,0,0,0,0
2,Z.NA,441.875,446.875,0,25,1,1,1,20,0,0,0,0,0,0,0,0,0,0,0,0,0,0,0,1,0,4,4,2,0,0,0,0,0,None,None,0,0,3,2,1,1,0,0,0,0,0,0,0,0
2,Z.S.Plains,441.875,446.875,0,25,1,1,1,20,0,0,0,0,0,0,0,0,0,0,0,0,0,0,0,1,0,85,3,2,1,0,0,0,0,None,None,0,0,3,2,1,1,0,0,0,0,0,0,0,0
2,Z.SETXEmComm,441.875,446.875,0,25,1,1,1,20,0,0,0,0,0,0,0,0,0,0,0,0,0,0,0,1,0,92,1,2,1,0,0,0,0,None,None,0,0,3,2,1,1,0,0,0,0,0,0,0,0
2,Z.TAC310,441.875,446.875,0,25,1,1,1,20,0,0,0,0,0,0,0,0,0,0,0,0,0,0,0,1,0,13,5,2,0,0,0,0,0,None,None,0,0,3,2,1,1,0,0,0,0,0,0,0,0
2,Z.TX Statewide,441.875,446.875,0,25,1,1,1,20,0,0,0,0,0,0,0,0,0,0,0,0,0,0,0,1,0,69,6,2,1,0,0,0,0,None,None,0,0,3,2,1,1,0,0,0,0,0,0,0,0
2,Z.WW,441.875,446.875,0,25,1,1,1,20,0,0,0,0,0,0,0,0,0,0,0,0,0,0,0,1,0,2,5,2,0,0,0,0,0,None,None,0,0,3,2,1,1,0,0,0,0,0,0,0,0
